date,word
8/31/2025,happen
9/1/2025,yanked
9/2/2025,images
9/3/2025,linked
9/4/2025,limits
9/5/2025,escape
9/6/2025,farmed
9/7/2025,driven
9/8/2025,detail
9/9/2025,flavor
9/10/2025,formal
9/11/2025,ranger
9/12/2025,friend
9/13/2025,caring
9/14/2025,cables
9/15/2025,donate
9/16/2025,
9/17/2025,
9/18/2025,
9/19/2025,
9/20/2025,
9/21/2025,
9/22/2025,
9/23/2025,
9/24/2025,
9/25/2025,
9/26/2025,
9/27/2025,
9/28/2025,
9/29/2025,
9/30/2025,
10/1/2025,
10/2/2025,
10/3/2025,
10/4/2025,
10/5/2025,
10/6/2025,
10/7/2025,
10/8/2025,
10/9/2025,
10/10/2025,
10/11/2025,
10/12/2025,
10/13/2025,
10/14/2025,
10/15/2025,
10/16/2025,
10/17/2025,
10/18/2025,
10/19/2025,
10/20/2025,
10/21/2025,
10/22/2025,
10/23/2025,
10/24/2025,
10/25/2025,
10/26/2025,
10/27/2025,
10/28/2025,
10/29/2025,
10/30/2025,grades
10/31/2025,sorely
11/1/2025,headed
11/2/2025,dragon
11/3/2025,flakes
11/4/2025,firing
11/5/2025,reveal
11/6/2025,cadets
11/7/2025,congas
11/8/2025,normal
11/9/2025,beacon
11/10/2025,delays
11/11/2025,bitter
11/12/2025,insist
11/13/2025,conman
11/14/2025,wealth
11/15/2025,silver
11/16/2025,pilots
11/17/2025,anthem
11/18/2025,grapes
11/19/2025,sailing
11/20/2025,belief
11/21/2025,dinner
11/22/2025,mirror
11/23/2025,hockey
11/24/2025,heated
11/25/2025,quarks
11/26/2025,marine
11/27/2025,ladies
11/28/2025,shelter
11/29/2025,claims
11/30/2025,taming
12/1/2025,sprung
12/2/2025,crisis
12/3/2025,review
12/4/2025,design
12/5/2025,static
12/6/2025,really
12/7/2025,plants
12/8/2025,invent
12/9/2025,pencil
12/10/2025,termed
12/11/2025,rating
12/12/2025,patrol
12/13/2025,neighs
12/14/2025,second
12/15/2025,venues
12/16/2025,cease
12/17/2025,hosted
12/18/2025,mixing
12/19/2025,system
12/20/2025,slight
12/21/2025,thrown
12/22/2025,search
12/23/2025,hunter
12/24/2025,daring
12/25/2025,inform
12/26/2025,drying
12/27/2025,entail
12/28/2025,cooler
12/29/2025,basked
12/30/2025,brutal
12/31/2025,backed
1/1/2026,quaint
1/2/2026,attain
1/3/2026,fabric
1/4/2026,latter
1/5/2026,trains
1/6/2026,leaven
1/7/2026,hammer
1/8/2026,speed
1/9/2026,proved
1/10/2026,theory
1/11/2026,remain
1/12/2026,depend
1/13/2026,cheese
1/14/2026,quartz
1/15/2026,global
1/16/2026,lifted
1/17/2026,budget
1/18/2026,fragile
1/19/2026,italic
1/20/2026,class
1/21/2026,kitbag
1/22/2026,upward
1/23/2026,beauty
1/24/2026,notice
1/25/2026,amount
1/26/2026,village
1/27/2026,stared
1/28/2026,ripple
1/29/2026,laptop
1/30/2026,salary
1/31/2026,ration
2/1/2026,permit
2/2/2026,making
2/3/2026,canoes
2/4/2026,island
2/5/2026,frozen
2/6/2026,naming
2/7/2026,ground
2/8/2026,ordeal
2/9/2026,asylum
2/10/2026,hearing
2/11/2026,script
2/12/2026,leaflet
2/13/2026,damage
2/14/2026,useful
2/15/2026,oxygen
2/16/2026,talker
2/17/2026,eagled
2/18/2026,medals
2/19/2026,defeat
2/20/2026,update
2/21/2026,magnet
2/22/2026,needed
2/23/2026,strains
2/24/2026,blinks
2/25/2026,street
2/26/2026,poster
2/27/2026,soccer
2/28/2026,waters
3/1/2026,pinned
3/2/2026,videos
3/3/2026,hailed
3/4/2026,injury
3/5/2026,debate
3/6/2026,survey
3/7/2026,gallon
3/8/2026,busier
3/9/2026,listed
3/10/2026,maroon
3/11/2026,usage
3/12/2026,kidney
3/13/2026,hearts
3/14/2026,weasel
3/15/2026,fancy
3/16/2026,cactus
3/17/2026,chisel
3/18/2026,thrive
3/19/2026,mutual
3/20/2026,fishes
3/21/2026,chosen
3/22/2026,digest
3/23/2026,excite
3/24/2026,object
3/25/2026,listen
3/26/2026,nearly
3/27/2026,tablet
3/28/2026,cattle
3/29/2026,lapsed
3/30/2026,quota
3/31/2026,quest
4/1/2026,gather
4/2/2026,finger
4/3/2026,common
4/4/2026,traced
4/5/2026,writer
4/6/2026,racing
4/7/2026,number
4/8/2026,hairdo
4/9/2026,desire
4/10/2026,zapped
4/11/2026,office
4/12/2026,either
4/13/2026,birdie
4/14/2026,majors
4/15/2026,kidnap
4/16/2026,nature
4/17/2026,bobbin
4/18/2026,change
4/19/2026,babies
4/20/2026,refine
4/21/2026,dated
4/22/2026,source
4/23/2026,humans
4/24/2026,ginger
4/25/2026,recall
4/26/2026,health
4/27/2026,using
4/28/2026,ethnic
4/29/2026,grainy
4/30/2026,yachts
5/1/2026,troops
5/2/2026,seize
5/3/2026,enough
5/4/2026,runner
5/5/2026,copper
5/6/2026,babble
5/7/2026,desert
5/8/2026,reader
5/9/2026,peachy
5/10/2026,garden
5/11/2026,mailed
5/12/2026,fears
5/13/2026,aviary
5/14/2026,arcade
5/15/2026,father
5/16/2026,pallet
5/17/2026,deepen
5/18/2026,helium
5/19/2026,wander
5/20/2026,jaguar
5/21/2026,quakes
5/22/2026,hiking
5/23/2026,rushed
5/24/2026,corner
5/25/2026,heroic
5/26/2026,admire
5/27/2026,rolled
5/28/2026,flames
5/29/2026,magpie
5/30/2026,people
5/31/2026,potash
6/1/2026,badger
6/2/2026,cobble
6/3/2026,joined
6/4/2026,please
6/5/2026,petals
6/6/2026,rapids
6/7/2026,decide
6/8/2026,cavern
6/9/2026,moment
6/10/2026,series
6/11/2026,marked
6/12/2026,layers
6/13/2026,faxing
6/14/2026,flown
6/15/2026,paced
6/16/2026,kissed
6/17/2026,badge
6/18/2026,cancel
6/19/2026,studio
6/20/2026,seldom
6/21/2026,frauds
6/22/2026,tragic
6/23/2026,strike
6/24/2026,senate
6/25/2026,valley
6/26/2026,sorted
6/27/2026,killer
6/28/2026,tribal
6/29/2026,floods
6/30/2026,stolen
7/1/2026,reason
7/2/2026,loaded
7/3/2026,voting
7/4/2026,indigo
7/5/2026,maizey
7/6/2026,baking
7/7/2026,golden
7/8/2026,zoning
7/9/2026,voices
7/10/2026,futile
7/11/2026,vacant
7/12/2026,grand
7/13/2026,submit
7/14/2026,senior
7/15/2026,resist
7/16/2026,camera
7/17/2026,circus
7/18/2026,robins
7/19/2026,stress
7/20/2026,widget
7/21/2026,irons
7/22/2026,clinics
7/23/2026,fixing
7/24/2026,jeans
7/25/2026,offset
7/26/2026,chairs
7/27/2026,retain
7/28/2026,piece
7/29/2026,signal
7/30/2026,jungle
7/31/2026,modern
8/1/2026,appear
8/2/2026,estate
8/3/2026,cedar
8/4/2026,helped
8/5/2026,volume
8/6/2026,silent
8/7/2026,linger
8/8/2026,center
8/9/2026,minute
8/10/2026,burger
8/11/2026,blight
8/12/2026,couple
8/13/2026,tender
8/14/2026,taught
8/15/2026,option
8/16/2026,kingdom
8/17/2026,handle
8/18/2026,zealot
8/19/2026,dicing
8/20/2026,effect
8/21/2026,prayer
8/22/2026,travel
8/23/2026,picked
8/24/2026,talent
8/25/2026,living
8/26/2026,prompt
8/27/2026,grants
8/28/2026,little
8/29/2026,nested
8/30/2026,voted
8/31/2026,houses
9/1/2026,pardon
9/2/2026,manner
9/3/2026,fringe
9/4/2026,strong
9/5/2026,anyone
9/6/2026,profit
9/7/2026,corpse
9/8/2026,prince
9/9/2026,online
9/10/2026,vanish
9/11/2026,trick
9/12/2026,thirst
9/13/2026,civic
9/14/2026,weight
9/15/2026,needle
9/16/2026,driver
9/17/2026,cosmic
9/18/2026,genius
9/19/2026,facing
9/20/2026,lonely
9/21/2026,spirit
9/22/2026,mighty
9/23/2026,hostile
9/24/2026,sample
9/25/2026,yipped
9/26/2026,jargon
9/27/2026,apple
9/28/2026,shining
9/29/2026,greed
9/30/2026,yearly
10/1/2026,missed
10/2/2026,papers
10/3/2026,skiing
10/4/2026,feline
10/5/2026,canary
10/6/2026,niece
10/7/2026,visit
10/8/2026,griefs
10/9/2026,elapse
10/10/2026,sounds
10/11/2026,crater
10/12/2026,wiggle
10/13/2026,eating
10/14/2026,opened
10/15/2026,drawer
10/16/2026,wicked
10/17/2026,rocket
10/18/2026,social
10/19/2026,inmate
10/20/2026,saving
10/21/2026,kindly
10/22/2026,collar
10/23/2026,policy
10/24/2026,peeled
10/25/2026,chain
10/26/2026,modest
10/27/2026,locate
10/28/2026,harder
10/29/2026,waiter
10/30/2026,apathy
10/31/2026,relief
11/1/2026,phrase
11/2/2026,exiled
11/3/2026,parish
11/4/2026,yawned
11/5/2026,banana
11/6/2026,behave
11/7/2026,parade
11/8/2026,lasted
11/9/2026,sermon
11/10/2026,trying
11/11/2026,verbal
11/12/2026,temple
11/13/2026,inputs
11/14/2026,sensed
11/15/2026,trials
11/16/2026,varies
11/17/2026,garlic
11/18/2026,person
11/19/2026,seeing
11/20/2026,scored
11/21/2026,repair
11/22/2026,widely
11/23/2026,piled
11/24/2026,oracle
11/25/2026,argue
11/26/2026,grate
11/27/2026,saying
11/28/2026,ticket
11/29/2026,warred
11/30/2026,lawyer
12/1/2026,models
12/2/2026,quiets
12/3/2026,cradle
12/4/2026,grafts
12/5/2026,canal
12/6/2026,launch
12/7/2026,period
12/8/2026,ladder
12/9/2026,gaming
12/10/2026,bubble
12/11/2026,hanger
12/12/2026,flight
12/13/2026,varied
12/14/2026,sinking
12/15/2026,colors
12/16/2026,riding
12/17/2026,noble
12/18/2026,filter
12/19/2026,lodged
12/20/2026,monkey
12/21/2026,cereal
12/22/2026,gamely
12/23/2026,jailed
12/24/2026,parent
12/25/2026,indeed
12/26/2026,chats
12/27/2026,arisen
12/28/2026,inside
12/29/2026,client
12/30/2026,flower
12/31/2026,tunnel
1/1/2027,gifted
1/2/2027,string
1/3/2027,harbor
1/4/2027,uptake
1/5/2027,clause
1/6/2027,afloat
1/7/2027,broken
1/8/2027,novels
1/9/2027,jigsaw
1/10/2027,ruling
1/11/2027,consul
1/12/2027,spoken
1/13/2027,nights
1/14/2027,holding
1/15/2027,wanted
1/16/2027,recent
1/17/2027,gained
1/18/2027,invite
1/19/2027,crafts
1/20/2027,myself
1/21/2027,icing
1/22/2027,result
1/23/2027,faring
1/24/2027,origin
1/25/2027,median
1/26/2027,eager
1/27/2027,wilded
1/28/2027,biting
1/29/2027,moving
1/30/2027,candle
1/31/2027,sugar
2/1/2027,tenant
2/2/2027,hidden
2/3/2027,mainly
2/4/2027,within
2/5/2027,winter
2/6/2027,battle
2/7/2027,domain
2/8/2027,single
2/9/2027,burden
2/10/2027,timing
2/11/2027,public
2/12/2027,manual
2/13/2027,player
2/14/2027,dining
2/15/2027,nickel
2/16/2027,vassal
2/17/2027,learns
2/18/2027,losing
2/19/2027,wisdom
2/20/2027,hissed
2/21/2027,hotter
2/22/2027,tracks
2/23/2027,medium
2/24/2027,places
2/25/2027,raised
2/26/2027,broker
2/27/2027,finish
2/28/2027,today
3/1/2027,solved
3/2/2027,combat
3/3/2027,during
3/4/2027,sister
3/5/2027,ending
3/6/2027,doctor
3/7/2027,marble
3/8/2027,lights
3/9/2027,decree
3/10/2027,tinged
3/11/2027,matter
3/12/2027,canvas
3/13/2027,region
3/14/2027,growth
3/15/2027,import
3/16/2027,failed
3/17/2027,triple
3/18/2027,muscle
3/19/2027,goalie
3/20/2027,factor
3/21/2027,ranked
3/22/2027,margin
3/23/2027,pastor
3/24/2027,email
3/25/2027,undone
3/26/2027,comply
3/27/2027,symbol
3/28/2027,melted
3/29/2027,fading
3/30/2027,noise
3/31/2027,detain
4/1/2027,ensure
4/2/2027,tomato
4/3/2027,zipped
4/4/2027,barter
4/5/2027,summer
4/6/2027,harmed
4/7/2027,titled
4/8/2027,ballot
4/9/2027,merged
4/10/2027,liable
4/11/2027,boiler
4/12/2027,pianos
4/13/2027,velvet
4/14/2027,glacier
4/15/2027,turned
4/16/2027,record
4/17/2027,faking
4/18/2027,elder
4/19/2027,value
4/20/2027,hinder
4/21/2027,scenes
4/22/2027,critic
4/23/2027,purest
4/24/2027,format
4/25/2027,partly
4/26/2027,ruined
4/27/2027,karats
4/28/2027,module
4/29/2027,parks
4/30/2027,noting
5/1/2027,mining
5/2/2027,typing
5/3/2027,agency
5/4/2027,worker
5/5/2027,demise
5/6/2027,labor
5/7/2027,menace
5/8/2027,prison
5/9/2027,lumber
5/10/2027,latest
5/11/2027,gender
5/12/2027,commit
5/13/2027,degree
5/14/2027,falcon
5/15/2027,follow
5/16/2027,labels
5/17/2027,higher
5/18/2027,dreams
5/19/2027,aspect
5/20/2027,fertile
5/21/2027,sudden
5/22/2027,healer
5/23/2027,planet
5/24/2027,united
5/25/2027,divide
5/26/2027,clamor
5/27/2027,thanks
5/28/2027,maiden
5/29/2027,middle
5/30/2027,figure
5/31/2027,intend
6/1/2027,saints
6/2/2027,paying
6/3/2027,knitted
6/4/2027,shaken
6/5/2027,raided
6/6/2027,icons
6/7/2027,effort
6/8/2027,chaser
6/9/2027,stairs
6/10/2027,motion
6/11/2027,target
6/12/2027,toilet
6/13/2027,dealer
6/14/2027,spiral
6/15/2027,bleak
6/16/2027,primal
6/17/2027,chased
6/18/2027,months
6/19/2027,beings
6/20/2027,stayed
6/21/2027,enable
6/22/2027,things
6/23/2027,smiles
6/24/2027,museum
6/25/2027,author
6/26/2027,skirts
6/27/2027,victim
6/28/2027,famous
6/29/2027,habits
6/30/2027,intake
7/1/2027,foamed
7/2/2027,income
7/3/2027,motive
7/4/2027,drama
7/5/2027,stars
7/6/2027,league
7/7/2027,patent
7/8/2027,tennis
7/9/2027,inhale
7/10/2027,diving
7/11/2027,yellow
7/12/2027,charge
7/13/2027,reply
7/14/2027,stable
7/15/2027,buckle
7/16/2027,summit
7/17/2027,hardly
7/18/2027,lagged
7/19/2027,pulled
7/20/2027,reigns
7/21/2027,finals
7/22/2027,bibles
7/23/2027,plural
7/24/2027,bitten
7/25/2027,bamboo
7/26/2027,parted
7/27/2027,owners
7/28/2027,longer
7/29/2027,speech
7/30/2027,lendal
7/31/2027,toasted
8/1/2027,define
8/2/2027,sensor
8/3/2027,muddle
8/4/2027,largely
8/5/2027,linear
8/6/2027,views
8/7/2027,stand
8/8/2027,letter
8/9/2027,pumped
8/10/2027,hired
8/11/2027,gospel
8/12/2027,caiman
8/13/2027,fossil
8/14/2027,enjoy
8/15/2027,credit
8/16/2027,legend
8/17/2027,singer
8/18/2027,disarm
8/19/2027,manage
8/20/2027,scared
8/21/2027,luxury
8/22/2027,banker
8/23/2027,graph
8/24/2027,random
8/25/2027,guitar
8/26/2027,boards
8/27/2027,glance
8/28/2027,hoping
8/29/2027,master
8/30/2027,mental
8/31/2027,leader
9/1/2027,folder
9/2/2027,engage
9/3/2027,urgent
9/4/2027,unless
9/5/2027,engine
9/6/2027,wizard
9/7/2027,coming
9/8/2027,sodium
9/9/2027,season
9/10/2027,jingle
9/11/2027,church
9/12/2027,having
9/13/2027,pirate
9/14/2027,artist
9/15/2027,conoid
9/16/2027,nurses
9/17/2027,wasted
9/18/2027,metals
9/19/2027,binder
9/20/2027,chiefs
9/21/2027,served
9/22/2027,report
9/23/2027,issued
9/24/2027,cursor
9/25/2027,setter
9/26/2027,framed
9/27/2027,became
9/28/2027,picnic
9/29/2027,barbed
9/30/2027,sexual
10/1/2027,wisely
10/2/2027,walked
10/3/2027,native
10/4/2027,traded
10/5/2027,pedal
10/6/2027,belong
10/7/2027,grazing
10/8/2027,weekly
10/9/2027,guided
10/10/2027,closet
10/11/2027,leaked
10/12/2027,raising
10/13/2027,knight
10/14/2027,shared
10/15/2027,vector
10/16/2027,school
10/17/2027,faucet
10/18/2027,fiscal
10/19/2027,cruises
10/20/2027,unique
10/21/2027,answer
10/22/2027,tokens
10/23/2027,secret
10/24/2027,castle
10/25/2027,repeat
10/26/2027,collect
10/27/2027,status
10/28/2027,demand
10/29/2027,chanty
10/30/2027,timber
10/31/2027,impact
11/1/2027,giving
11/2/2027,attack
11/3/2027,panels
11/4/2027,yield