date,word
2025-08-31,admire
2025-09-01,agency
2025-09-02,amount
2025-09-03,answer
2025-09-04,anthem
2025-09-05,anyone
2025-09-06,apathy
2025-09-07,appear
2025-09-08,apple
2025-09-09,arcade
2025-09-10,ardent
2025-09-11,argue
2025-09-12,arisen
2025-09-13,artist
2025-09-14,aspect
2025-09-15,asylum
2025-09-16,attack
2025-09-17,attain
2025-09-18,author
2025-09-19,aviary
2025-09-20,babble
2025-09-21,babies
2025-09-22,backed
2025-09-23,badge
2025-09-24,badger
2025-09-25,baking
2025-09-26,ballot
2025-09-27,bamboo
2025-09-28,banana
2025-09-29,banker
2025-09-30,barbed
2025-10-01,barter
2025-10-02,basked
2025-10-03,battle
2025-10-04,beacon
2025-10-05,became
2025-10-06,beauty
2025-10-07,behave
2025-10-08,beings
2025-10-09,belief
2025-10-10,belong
2025-10-11,binder
2025-10-12,birdie
2025-10-13,bitten
2025-10-14,bitter
2025-10-15,bladder
2025-10-16,blazing
2025-10-17,bleak
2025-10-18,bibles
2025-10-19,biting
2025-10-20,blight
2025-10-21,blinks
2025-10-22,boards
2025-10-23,bobbin
2025-10-24,boiler
2025-10-25,broken
2025-10-26,broker
2025-10-27,brutal
2025-10-28,bubble
2025-10-29,buckle
2025-10-30,budget
2025-10-31,burden
2025-11-01,burger
2025-11-02,busier
2025-11-03,cables
2025-11-04,cactus
2025-11-05,cadets
2025-11-06,caiman
2025-11-07,camera
2025-11-08,canal
2025-11-09,canary
2025-11-10,cancel
2025-11-11,candle
2025-11-12,canoes
2025-11-13,canvas
2025-11-14,caring
2025-11-15,castle
2025-11-16,cattle
2025-11-17,cavern
2025-11-18,cease
2025-11-19,cedar
2025-11-20,center
2025-11-21,cereal
2025-11-22,chain
2025-11-23,chairs
2025-11-24,change
2025-11-25,chanty
2025-11-26,charge
2025-11-27,chased
2025-11-28,chaser
2025-11-29,chats
2025-11-30,cheese
2025-12-01,chiefs
2025-12-02,chisel
2025-12-03,chosen
2025-12-04,church
2025-12-05,circus
2025-12-06,civic
2025-12-07,claims
2025-12-08,clamor
2025-12-09,class
2025-12-10,clause
2025-12-11,client
2025-12-12,clinics
2025-12-13,closet
2025-12-14,cobble
2025-12-15,coffee
2025-12-16,colder
2025-12-17,collar
2025-12-18,collect
2025-12-19,colors
2025-12-20,combat
2025-12-21,coming
2025-12-22,commit
2025-12-23,common
2025-12-24,comply
2025-12-25,congas
2025-12-26,conman
2025-12-27,conoid
2025-12-28,consul
2025-12-29,cooler
2025-12-30,copper
2025-12-31,corner
2026-01-01,corpse
2026-01-02,cosmic
2026-01-03,couple
2026-01-04,cradle
2026-01-05,crafts
2026-01-06,crater
2026-01-07,credit
2026-01-08,crisis
2026-01-09,critic
2026-01-10,cruises
2026-01-11,cursor
2026-01-12,damage
2026-01-13,daring
2026-01-14,dated
2026-01-15,dealer
2026-01-16,debate
2026-01-17,decide
2026-01-18,decree
2026-01-19,deepen
2026-01-20,defeat
2026-01-21,define
2026-01-22,degree
2026-01-23,delays
2026-01-24,demand
2026-01-25,demise
2026-01-26,depend
2026-01-27,desert
2026-01-28,design
2026-01-29,desire
2026-01-30,detail
2026-01-31,detain
2026-02-01,dicing
2026-02-02,digest
2026-02-03,dining
2026-02-04,dinner
2026-02-05,disarm
2026-02-06,divide
2026-02-07,diving
2026-02-08,doctor
2026-02-09,domain
2026-02-10,donate
2026-02-11,dragon
2026-02-12,drama
2026-02-13,drawer
2026-02-14,dreams
2026-02-15,driven
2026-02-16,driver
2026-02-17,drying
2026-02-18,during
2026-02-19,eagled
2026-02-20,eager
2026-02-21,eating
2026-02-22,effect
2026-02-23,effort
2026-02-24,either
2026-02-25,elapse
2026-02-26,elder
2026-02-27,email
2026-02-28,enable
2026-03-01,ending
2026-03-02,engage
2026-03-03,engine
2026-03-04,enjoy
2026-03-05,enough
2026-03-06,ensure
2026-03-07,entail
2026-03-08,escape
2026-03-09,estate
2026-03-10,ethnic
2026-03-11,excite
2026-03-12,exiled
2026-03-13,fabric
2026-03-14,facing
2026-03-15,factor
2026-03-16,fading
2026-03-17,failed
2026-03-18,faking
2026-03-19,falcon
2026-03-20,famine
2026-03-21,famous
2026-03-22,fancy
2026-03-23,faring
2026-03-24,farmed
2026-03-25,father
2026-03-26,faucet
2026-03-27,faxing
2026-03-28,fealty
2026-03-29,fears
2026-03-30,feline
2026-03-31,fertile
2026-04-01,figure
2026-04-02,filter
2026-04-03,finals
2026-04-04,finger
2026-04-05,finish
2026-04-06,firing
2026-04-07,fiscal
2026-04-08,fishes
2026-04-09,fixing
2026-04-10,flakes
2026-04-11,flames
2026-04-12,flavor
2026-04-13,flight
2026-04-14,afloat
2026-04-15,floods
2026-04-16,flown
2026-04-17,flower
2026-04-18,foamed
2026-04-19,folder
2026-04-20,follow
2026-04-21,formal
2026-04-22,format
2026-04-23,fossil
2026-04-24,fragile
2026-04-25,framed
2026-04-26,frauds
2026-04-27,friend
2026-04-28,fringe
2026-04-29,frozen
2026-04-30,futile
2026-05-01,gained
2026-05-02,gallon
2026-05-03,gamely
2026-05-04,gaming
2026-05-05,garden
2026-05-06,garlic
2026-05-07,gather
2026-05-08,gender
2026-05-09,genius
2026-05-10,gifted
2026-05-11,giggle
2026-05-12,ginger
2026-05-13,giving
2026-05-14,glacier
2026-05-15,glance
2026-05-16,global
2026-05-17,goalie
2026-05-18,golden
2026-05-19,gospel
2026-05-20,grades
2026-05-21,grafts
2026-05-22,grainy
2026-05-23,grand
2026-05-24,grants
2026-05-25,grapes
2026-05-26,graph
2026-05-27,grate
2026-05-28,grazing
2026-05-29,greed
2026-05-30,griefs
2026-05-31,ground
2026-06-01,growth
2026-06-02,guided
2026-06-03,guitar
2026-06-04,habits
2026-06-05,hailed
2026-06-06,hairdo
2026-06-07,hammer
2026-06-08,handle
2026-06-09,hanger
2026-06-10,happen
2026-06-11,harbor
2026-06-12,harder
2026-06-13,hardly
2026-06-14,harmed
2026-06-15,hatred
2026-06-16,having
2026-06-17,headed
2026-06-18,healer
2026-06-19,health
2026-06-20,hearing
2026-06-21,hearts
2026-06-22,heated
2026-06-23,helium
2026-06-24,helped
2026-06-25,heroic
2026-06-26,hidden
2026-06-27,higher
2026-06-28,hiking
2026-06-29,hinder
2026-06-30,hired
2026-07-01,hissed
2026-07-02,hockey
2026-07-03,holding
2026-07-04,homing
2026-07-05,hoping
2026-07-06,hosted
2026-07-07,hostile
2026-07-08,hotter
2026-07-09,houses
2026-07-10,humans
2026-07-11,hunter
2026-07-12,icing
2026-07-13,icons
2026-07-14,ignite
2026-07-15,images
2026-07-16,impact
2026-07-17,import
2026-07-18,income
2026-07-19,indeed
2026-07-20,indigo
2026-07-21,inform
2026-07-22,inhale
2026-07-23,injury
2026-07-24,inmate
2026-07-25,inputs
2026-07-26,inside
2026-07-27,insist
2026-07-28,intake
2026-07-29,intend
2026-07-30,invent
2026-07-31,invite
2026-08-01,irons
2026-08-02,island
2026-08-03,issued
2026-08-04,italic
2026-08-05,items
2026-08-06,jailed
2026-08-07,jaguar
2026-08-08,jargon
2026-08-09,jeans
2026-08-10,joined
2026-08-11,jigsaw
2026-08-12,jingle
2026-08-13,jungle
2026-08-14,karats
2026-08-15,kayak
2026-08-16,kernel
2026-08-17,kidnap
2026-08-18,kicked
2026-08-19,kidney
2026-08-20,killer
2026-08-21,kindly
2026-08-22,kingdom
2026-08-23,kissed
2026-08-24,kitbag
2026-08-25,knight
2026-08-26,knitted
2026-08-27,labels
2026-08-28,labor
2026-08-29,ladder
2026-08-30,ladies
2026-08-31,lagged
2026-09-01,landed
2026-09-02,laptop
2026-09-03,largely
2026-09-04,lapsed
2026-09-05,lasted
2026-09-06,latent
2026-09-07,latest
2026-09-08,latter
2026-09-09,launch
2026-09-10,lawyer
2026-09-11,layers
2026-09-12,leader
2026-09-13,leaflet
2026-09-14,league
2026-09-15,leaked
2026-09-16,learns
2026-09-17,leaven
2026-09-18,legend
2026-09-19,lendal
2026-09-20,letter
2026-09-21,liable
2026-09-22,lifted
2026-09-23,lights
2026-09-24,limber
2026-09-25,limits
2026-09-26,linear
2026-09-27,linger
2026-09-28,linked
2026-09-29,listed
2026-09-30,listen
2026-10-01,little
2026-10-02,living
2026-10-03,loaded
2026-10-04,locate
2026-10-05,lodged
2026-10-06,lonely
2026-10-07,longer
2026-10-08,looked
2026-10-09,losing
2026-10-10,lumber
2026-10-11,luxury
2026-10-12,lyrical
2026-10-13,macaws
2026-10-14,magpie
2026-10-15,maiden
2026-10-16,magnet
2026-10-17,mailed
2026-10-18,mainly
2026-10-19,majors
2026-10-20,making
2026-10-21,manage
2026-10-22,manner
2026-10-23,manual
2026-10-24,marble
2026-10-25,margin
2026-10-26,marine
2026-10-27,marked
2026-10-28,market
2026-10-29,maroon
2026-10-30,master
2026-10-31,matter
2026-11-01,maizey
2026-11-02,medals
2026-11-03,median
2026-11-04,medic
2026-11-05,medium
2026-11-06,melted
2026-11-07,menace
2026-11-08,mental
2026-11-09,merged
2026-11-10,metals
2026-11-11,method
2026-11-12,middle
2026-11-13,mighty
2026-11-14,mining
2026-11-15,minor
2026-11-16,minute
2026-11-17,mirror
2026-11-18,missed
2026-11-19,mixing
2026-11-20,models
2026-11-21,modern
2026-11-22,modest
2026-11-23,module
2026-11-24,moment
2026-11-25,monkey
2026-11-26,months
2026-11-27,motion
2026-11-28,motive
2026-11-29,moving
2026-11-30,muddle
2026-12-01,muscle
2026-12-02,museum
2026-12-03,mutual
2026-12-04,myself
2026-12-05,naming
2026-12-06,native
2026-12-07,nature
2026-12-08,nearly
2026-12-09,needed
2026-12-10,needle
2026-12-11,neighs
2026-12-12,nested
2026-12-13,nickel
2026-12-14,niece
2026-12-15,nights
2026-12-16,noble
2026-12-17,noise
2026-12-18,normal
2026-12-19,noting
2026-12-20,notice
2026-12-21,novels
2026-12-22,novice
2026-12-23,number
2026-12-24,nurses
2026-12-25,object
2026-12-26,oceans
2026-12-27,office
2026-12-28,offset
2026-12-29,online
2026-12-30,opened
2026-12-31,option
2027-01-01,oracle
2027-01-02,ordeal
2027-01-03,origin
2027-01-04,output
2027-01-05,owners
2027-01-06,oxygen
2027-01-07,paced
2027-01-08,palace
2027-01-09,pallet
2027-01-10,panels
2027-01-11,papers
2027-01-12,parade
2027-01-13,pardon
2027-01-14,parent
2027-01-15,parish
2027-01-16,parks
2027-01-17,parted
2027-01-18,partly
2027-01-19,passes
2027-01-20,pastor
2027-01-21,patent
2027-01-22,patrol
2027-01-23,paying
2027-01-24,peachy
2027-01-25,pedal
2027-01-26,peeled
2027-01-27,pencil
2027-01-28,people
2027-01-29,period
2027-01-30,permit
2027-01-31,person
2027-02-01,petals
2027-02-02,phrase
2027-02-03,pianos
2027-02-04,picked
2027-02-05,picnic
2027-02-06,piece
2027-02-07,piled
2027-02-08,pilots
2027-02-09,pinned
2027-02-10,pirate
2027-02-11,places
2027-02-12,planet
2027-02-13,plants
2027-02-14,player
2027-02-15,please
2027-02-16,plural
2027-02-17,police
2027-02-18,policy
2027-02-19,poster
2027-02-20,potash
2027-02-21,prayer
2027-02-22,pretty
2027-02-23,primal
2027-02-24,prince
2027-02-25,prison
2027-02-26,profit
2027-02-27,prompt
2027-02-28,proved
2027-03-01,public
2027-03-02,pulled
2027-03-03,pumped
2027-03-04,purest
2027-03-05,quaint
2027-03-06,quakes
2027-03-07,quarks
2027-03-08,quartz
2027-03-09,quest
2027-03-10,quiets
2027-03-11,quota
2027-03-12,racing
2027-03-13,raided
2027-03-14,raised
2027-03-15,raising
2027-03-16,random
2027-03-17,ranger
2027-03-18,ranked
2027-03-19,rapids
2027-03-20,rating
2027-03-21,ration
2027-03-22,reader
2027-03-23,really
2027-03-24,reason
2027-03-25,recall
2027-03-26,recent
2027-03-27,record
2027-03-28,refine
2027-03-29,region
2027-03-30,reigns
2027-03-31,relief
2027-04-01,remain
2027-04-02,repair
2027-04-03,repeat
2027-04-04,reply
2027-04-05,report
2027-04-06,resist
2027-04-07,result
2027-04-08,retain
2027-04-09,reveal
2027-04-10,review
2027-04-11,riding
2027-04-12,ripple
2027-04-13,robins
2027-04-14,rocket
2027-04-15,rolled
2027-04-16,ruling
2027-04-17,ruined
2027-04-18,runner
2027-04-19,rushed
2027-04-20,sailing
2027-04-21,saints
2027-04-22,salary
2027-04-23,sample
2027-04-24,saving
2027-04-25,saying
2027-04-26,scarce
2027-04-27,scared
2027-04-28,scenes
2027-04-29,school
2027-04-30,scored
2027-05-01,script
2027-05-02,search
2027-05-03,season
2027-05-04,second
2027-05-05,secret
2027-05-06,seeing
2027-05-07,seize
2027-05-08,seldom
2027-05-09,senate
2027-05-10,senior
2027-05-11,sensed
2027-05-12,sensor
2027-05-13,series
2027-05-14,sermon
2027-05-15,served
2027-05-16,setter
2027-05-17,sexual
2027-05-18,shaken
2027-05-19,shared
2027-05-20,shelter
2027-05-21,shining
2027-05-22,signal
2027-05-23,silent
2027-05-24,silver
2027-05-25,singer
2027-05-26,single
2027-05-27,sinking
2027-05-28,sister
2027-05-29,skiing
2027-05-30,skills
2027-05-31,skirts
2027-06-01,slavic
2027-06-02,slight
2027-06-03,smiles
2027-06-04,soccer
2027-06-05,social
2027-06-06,sodium
2027-06-07,solved
2027-06-08,sorely
2027-06-09,sorted
2027-06-10,sounds
2027-06-11,source
2027-06-12,speech
2027-06-13,speed
2027-06-14,spiral
2027-06-15,spirit
2027-06-16,spoken
2027-06-17,sprung
2027-06-18,stable
2027-06-19,stairs
2027-06-20,stalks
2027-06-21,stand
2027-06-22,stared
2027-06-23,stars
2027-06-24,static
2027-06-25,status
2027-06-26,stayed
2027-06-27,stolen
2027-06-28,stores
2027-06-29,strains
2027-06-30,street
2027-07-01,stress
2027-07-02,strike
2027-07-03,string
2027-07-04,strong
2027-07-05,studio
2027-07-06,submit
2027-07-07,sudden
2027-07-08,suffer
2027-07-09,sugar
2027-07-10,summer
2027-07-11,summit
2027-07-12,supply
2027-07-13,surely
2027-07-14,survey
2027-07-15,symbol
2027-07-16,system
2027-07-17,tablet
2027-07-18,talent
2027-07-19,talker
2027-07-20,taming
2027-07-21,target
2027-07-22,taught
2027-07-23,temple
2027-07-24,tenant
2027-07-25,tender
2027-07-26,tennis
2027-07-27,termed
2027-07-28,thanks
2027-07-29,theory
2027-07-30,things
2027-07-31,thirst
2027-08-01,thrive
2027-08-02,thrown
2027-08-03,ticket
2027-08-04,timber
2027-08-05,timing
2027-08-06,tinged
2027-08-07,titled
2027-08-08,toasted
2027-08-09,today
2027-08-10,toilet
2027-08-11,tokens
2027-08-12,tomato
2027-08-13,traced
2027-08-14,tracks
2027-08-15,traded
2027-08-16,tragic
2027-08-17,trains
2027-08-18,travel
2027-08-19,treaty
2027-08-20,trials
2027-08-21,tribal
2027-08-22,trick
2027-08-23,triple
2027-08-24,troops
2027-08-25,trying
2027-08-26,tunnel
2027-08-27,turned
2027-08-28,typing
2027-08-29,undone
2027-08-30,unique
2027-08-31,united
2027-09-01,unless
2027-09-02,update
2027-09-03,uptake
2027-09-04,upward
2027-09-05,urgent
2027-09-06,usage
2027-09-07,useful
2027-09-08,using
2027-09-09,vacant
2027-09-10,vacuum
2027-09-11,valley
2027-09-12,value
2027-09-13,vanish
2027-09-14,varied
2027-09-15,varies
2027-09-16,vassal
2027-09-17,vector
2027-09-18,velvet
2027-09-19,venues
2027-09-20,verbal
2027-09-21,victim
2027-09-22,videos
2027-09-23,views
2027-09-24,village
2027-09-25,vision
2027-09-26,visit
2027-09-27,voices
2027-09-28,volume
2027-09-29,voted
2027-09-30,voting
2027-10-01,waiter
2027-10-02,walked
2027-10-03,wander
2027-10-04,wanted
2027-10-05,warred
2027-10-06,wasted
2027-10-07,waters
2027-10-08,wealth
2027-10-09,weasel
2027-10-10,weekly
2027-10-11,weight
2027-10-12,wicked
2027-10-13,widget
2027-10-14,widely
2027-10-15,wiggle
2027-10-16,wilded
2027-10-17,winter
2027-10-18,wisdom
2027-10-19,wisely
2027-10-20,within
2027-10-21,wizard
2027-10-22,women
2027-10-23,worker
2027-10-24,writer
2027-10-25,yellow
2027-10-26,yearly
2027-10-27,yanked
2027-10-28,yachts
2027-10-29,yawned
2027-10-30,yield
2027-10-31,yipped
2027-11-01,zapped
2027-11-02,zealot
2027-11-03,zipped
2027-11-04,zoning
